{"cameraMode":{"drawMode":0,"name":"Shaded","section":"Shading Mode"},"sceneLighting":true,"audioPlay":false,"sceneViewState":{"m_AlwaysRefresh":false,"showFog":true,"showSkybox":true,"showFlares":true,"showImageEffects":true,"showParticleSystems":true,"showVisualEffectGraphs":true,"m_FxEnabled":true},"in2DMode":false,"pivot":{"x":-0.5568263530731201,"y":1.108597755432129,"z":0.47244611382484438},"rotation":{"x":-0.27041196823120119,"y":-0.42191967368125918,"z":0.1334371566772461,"w":-0.8550204038619995},"size":6.866026878356934,"orthographic":false}