{"cameraMode":{"drawMode":0,"name":"Shaded","section":"Shading Mode"},"sceneLighting":true,"audioPlay":false,"sceneViewState":{"m_AlwaysRefresh":false,"showFog":true,"showSkybox":true,"showFlares":true,"showImageEffects":true,"showParticleSystems":true,"showVisualEffectGraphs":true,"m_FxEnabled":true},"in2DMode":false,"pivot":{"x":-7.664816379547119,"y":20.22341537475586,"z":2.0901784896850588},"rotation":{"x":0.16277332603931428,"y":0.16787120699882508,"z":-0.02803579717874527,"w":0.9720027446746826},"size":19.342527389526368,"orthographic":false}